{
	"settings": {
		"appearanceTools": true,
		"color": {
			"background": true,
			"custom": true,
			"customDuotone": true,
			"customGradient": true,
			"defaultDuotone": true,
			"defaultGradients": true,
			"defaultPalette": true,
			"duotone": [],
			"gradients": [],
			"palette": [
				{
					"color": "#111111",
					"name": "Primary",
					"slug": "primary"
				},
				{
					"color": "#111111",
					"name": "Secondary",
					"slug": "secondary"
				},
				{
					"color": "#111111",
					"name": "Foreground",
					"slug": "foreground"
				},
				{
					"color": "#fafafa",
					"name": "Background",
					"slug": "background"
				},
				{
					"color": "#fafafa",
					"name": "Tertiary",
					"slug": "tertiary"
				}
			],
			"text": true
		},
		"layout": {
			"contentSize": "900px",
			"wideSize": "1100px"
		},
		"shadow": {
			"defaultPresets": true,
			"presets": []
		},
		"spacing": {
			"customSpacingSize": true,
			"spacingScale": {
				"increment": 1.5,
				"mediumStep": 1.5,
				"operator": "*",
				"steps": 7,
				"unit": "rem"
			},
			"spacingSizes": [],
			"units": [
				"%",
				"px",
				"em",
				"rem",
				"vh",
				"vw"
			]
		},
		"typography": {
			"customFontSize": true,
			"dropCap": true,
			"fluid": true,
			"fontFamilies": [
				{
					"fontFace": [],
					"fontFamily": "-apple-system, BlinkMacSystemFont, 'Segoe UI', Roboto, Oxygen-Sans, Ubuntu, Cantarell, 'Helvetica Neue', sans-serif",
					"name": "System Font",
					"slug": "system-font"
				},
				{
					"fontFace": [
						{
							"fontFamily": "Plus Jakarta Sans",
							"fontStyle": "normal",
							"fontWeight": "500",
							"src": [
								"file:./assets/fonts/plus-jakarta-sans_normal_500.ttf"
							]
						},
						{
							"fontFamily": "Plus Jakarta Sans",
							"fontStyle": "italic",
							"fontWeight": "500",
							"src": [
								"file:./assets/fonts/plus-jakarta-sans_italic_500.ttf"
							]
						},
						{
							"fontFamily": "Plus Jakarta Sans",
							"fontStyle": "normal",
							"fontWeight": "300",
							"src": [
								"file:./assets/fonts/plus-jakarta-sans_normal_300.ttf"
							]
						},
						{
							"fontFamily": "Plus Jakarta Sans",
							"fontStyle": "italic",
							"fontWeight": "300",
							"src": [
								"file:./assets/fonts/plus-jakarta-sans_italic_300.ttf"
							]
						},
						{
							"fontFamily": "Plus Jakarta Sans",
							"fontStyle": "normal",
							"fontWeight": "600",
							"src": [
								"file:./assets/fonts/plus-jakarta-sans_normal_600.ttf"
							]
						},
						{
							"fontFamily": "Plus Jakarta Sans",
							"fontStyle": "italic",
							"fontWeight": "600",
							"src": [
								"file:./assets/fonts/plus-jakarta-sans_italic_600.ttf"
							]
						}
					],
					"fontFamily": "Plus Jakarta Sans",
					"slug": "plus-jakarta-sans"
				}
			],
			"fontSizes": [
				{
					"fluid": {
						"max": "1.0625rem",
						"min": "0.825rem"
					},
					"name": "Small",
					"size": "1rem",
					"slug": "small"
				},
				{
					"fluid": {
						"max": "1.25rem",
						"min": "1rem"
					},
					"name": "Medium",
					"size": "1.125rem",
					"slug": "medium"
				},
				{
					"fluid": {
						"max": "2rem",
						"min": "1.75rem"
					},
					"name": "Large",
					"size": "1.75rem",
					"slug": "large"
				},
				{
					"fluid": {
						"max": "3rem",
						"min": "2.5rem"
					},
					"name": "Extra Large",
					"size": "3rem",
					"slug": "x-large"
				}
			],
			"fontStyle": true,
			"fontWeight": true,
			"letterSpacing": true,
			"textDecoration": true,
			"textTransform": true
		},
		"useRootPaddingAwareAlignments": true
	},
	"styles": {
		"blocks": {
			"core/button": {
				"typography": {
					"textTransform": "uppercase"
				}
			},
			"core/code": {
				"border": {
					"color": "var(--wp--preset--color--foreground)",
					"radius": "0.25rem",
					"style": "solid",
					"width": "2px"
				},
				"spacing": {
					"padding": {
						"bottom": "var(--wp--preset--spacing--50)",
						"left": "var(--wp--preset--spacing--50)",
						"right": "var(--wp--preset--spacing--50)",
						"top": "var(--wp--preset--spacing--50)"
					}
				},
				"typography": {
					"fontFamily": "monospace"
				}
			},
			"core/comment-author-name": {
				"typography": {
					"fontSize": "var(--wp--preset--font-size--small)"
				}
			},
			"core/comment-date": {
				"typography": {
					"fontSize": "var(--wp--preset--font-size--small)"
				}
			},
			"core/comment-edit-link": {
				"typography": {
					"fontSize": "var(--wp--preset--font-size--small)"
				}
			},
			"core/comment-reply-link": {
				"typography": {
					"fontSize": "var(--wp--preset--font-size--small)"
				}
			},
			"core/gallery": {
				"spacing": {
					"margin": {
						"bottom": "var(--wp--preset--spacing--50)"
					}
				}
			},
			"core/list": {
				"spacing": {
					"padding": {
						"left": "var(--wp--preset--spacing--70)"
					}
				}
			},
			"core/navigation": {
				"elements": {
					"link": {
						":hover": {
							"typography": {
								"textDecoration": "underline"
							}
						},
						"typography": {
							"textDecoration": "none"
						}
					}
				}
			},
			"core/post-author-name": {
				"elements": {
					"link": {
						":hover": {
							"typography": {
								"textDecoration": "underline"
							}
						},
						"typography": {
							"textDecoration": "none"
						}
					}
				}
			},
			"core/post-date": {
				"color": {
					"text": "var(--wp--preset--color--foreground)"
				},
				"elements": {
					"link": {
						":hover": {
							"typography": {
								"textDecoration": "underline"
							}
						},
						"typography": {
							"textDecoration": "none"
						}
					}
				},
				"typography": {
					"fontSize": "var(--wp--preset--font-size--small)"
				}
			},
			"core/post-title": {
				"elements": {
					"link": {
						":hover": {
							"typography": {
								"textDecoration": "underline"
							}
						},
						"typography": {
							"textDecoration": "none"
						}
					}
				},
				"spacing": {
					"margin": {
						"bottom": "0"
					}
				}
			},
			"core/pullquote": {
				"border": {
					"color": "var(--wp--preset--color--foreground)",
					"style": "solid",
					"width": "1px 0"
				},
				"spacing": {
					"padding": {
						"bottom": "var(--wp--preset--spacing--50)",
						"left": "var(--wp--preset--spacing--50)",
						"right": "var(--wp--preset--spacing--50)",
						"top": "var(--wp--preset--spacing--50)"
					}
				},
				"typography": {
					"fontSize": "var(--wp--preset--font-size--large)",
					"fontStyle": "italic"
				}
			},
			"core/quote": {
				"border": {
					"color": "var(--wp--preset--color--primary)",
					"style": "solid",
					"width": "0 0 0 1px"
				},
				"spacing": {
					"padding": {
						"left": "var(--wp--preset--spacing--50)"
					}
				},
				"typography": {
					"fontSize": "var:preset|font-size|large",
					"fontStyle": "normal",
					"fontWeight": "600"
				}
			},
			"core/search": {
				"typography": {
					"fontSize": "var(--wp--preset--font-size--medium)",
					"lineHeight": "1.6"
				}
			},
			"core/separator": {
				"border": {
					"color": "currentColor",
					"style": "solid",
					"width": "0 0 1px 0"
				},
				"color": {
					"text": "var(--wp--preset--color--foreground)"
				}
			},
			"core/site-tagline": {
				"typography": {
					"fontSize": "var(--wp--preset--font-size--small)"
				}
			},
			"core/site-title": {
				"elements": {
					"link": {
						":hover": {
							"typography": {
								"textDecoration": "underline"
							}
						},
						"typography": {
							"textDecoration": "none"
						}
					}
				},
				"typography": {
					"fontSize": "var(--wp--preset--font-size--medium)",
					"fontWeight": "700"
				}
			}
		},
		"color": {
			"background": "var(--wp--preset--color--background)",
			"text": "var(--wp--preset--color--foreground)"
		},
		"elements": {
			"button": {
				":active": {
					"color": {
						"background": "var(--wp--preset--color--primary)",
						"text": "var(--wp--preset--color--background)"
					}
				},
				":focus": {
					"color": {
						"background": "var(--wp--preset--color--primary)",
						"text": "var(--wp--preset--color--background)"
					},
					"outline": {
						"color": "var(--wp--preset--color--primary)",
						"offset": "2px",
						"style": "dotted",
						"width": "1px"
					}
				},
				":hover": {
					"color": {
						"background": "var(--wp--preset--color--secondary)",
						"text": "var(--wp--preset--color--background)"
					}
				},
				"border": {
					"radius": "0.25rem"
				},
				"color": {
					"background": "var(--wp--preset--color--primary)",
					"text": "var(--wp--preset--color--background)"
				}
			},
			"h1": {
				"typography": {
					"fontSize": "6rem",
					"letterSpacing": "-5px"
				}
			},
			"h2": {
				"typography": {
					"fontSize": "3.6rem"
				}
			},
			"h3": {
				"typography": {
					"fontSize": "clamp(1.5rem, calc(1.5rem + ((1vw - 0.48rem) * 0.4808)), 1.75rem)"
				}
			},
			"h4": {
				"typography": {
					"fontSize": "clamp(1.25rem, calc(1.25rem + ((1vw - 0.48rem) * 0.4808)), 1.5rem)"
				}
			},
			"h5": {
				"typography": {
					"fontSize": "var(--wp--preset--font-size--medium)"
				}
			},
			"h6": {
				"typography": {
					"fontSize": "var(--wp--preset--font-size--small)"
				}
			},
			"heading": {
				"typography": {
					"fontFamily": "var(--wp--preset--font-family--rubik)",
					"fontStyle": "normal",
					"fontWeight": "600",
					"lineHeight": "1.125"
				}
			},
			"link": {
				":hover": {
					"typography": {
						"textDecoration": "none"
					}
				},
				"color": {
					"text": "var(--wp--preset--color--primary)"
				}
			}
		},
		"spacing": {
			"blockGap": "1rem",
			"padding": {
				"bottom": "0rem",
				"left": "4rem",
				"right": "4rem",
				"top": "0rem"
			}
		},
		"typography": {
			"fontFamily": "var:preset|font-family|plus-jakarta-sans",
			"fontSize": "var(--wp--preset--font-size--medium)",
			"lineHeight": "1.6"
		}
	},
	"templateParts": [
		{
			"area": "header",
			"name": "header"
		},
		{
			"area": "footer",
			"name": "footer"
		}
	],
	"version": 2,
	"$schema": "https://schemas.wp.org/trunk/theme.json"
}